{"text": " Okay, doing this automatically would be a bit complex but doable, doable nonetheless.", "segments": [{"id": 0, "seek": 0, "start": 0.0, "end": 7.76, "text": " Okay, doing this automatically would be a bit complex but doable, doable nonetheless.", "tokens": [50364, 1033, 11, 884, 341, 6772, 576, 312, 257, 857, 3997, 457, 41183, 11, 41183, 26756, 13, 50752], "temperature": 0.0, "avg_logprob": -0.4102455942254317, "compression_ratio": 1.0759493670886076, "no_speech_prob": 0.10420659929513931}], "language": "en"}