{"text": " So, there is a model called Hunter Alpha on OpenRouter. I wanted to switch to use that model and test it out and see how good it is at doing certain tasks. So, give me an example of tests before you switch to it, then switch to it actually.", "segments": [{"id": 0, "seek": 0, "start": 0.0, "end": 4.4, "text": " So, there is a model called Hunter Alpha on OpenRouter.", "tokens": [50364, 407, 11, 456, 307, 257, 2316, 1219, 18704, 20588, 322, 7238, 49, 23985, 13, 50584], "temperature": 0.0, "avg_logprob": -0.27694632790305396, "compression_ratio": 1.4906832298136645, "no_speech_prob": 0.028002137318253517}, {"id": 1, "seek": 0, "start": 4.4, "end": 9.68, "text": " I wanted to switch to use that model and test it out and see how good it is at doing certain", "tokens": [50584, 286, 1415, 281, 3679, 281, 764, 300, 2316, 293, 1500, 309, 484, 293, 536, 577, 665, 309, 307, 412, 884, 1629, 50848], "temperature": 0.0, "avg_logprob": -0.27694632790305396, "compression_ratio": 1.4906832298136645, "no_speech_prob": 0.028002137318253517}, {"id": 2, "seek": 0, "start": 9.68, "end": 10.68, "text": " tasks.", "tokens": [50848, 9608, 13, 50898], "temperature": 0.0, "avg_logprob": -0.27694632790305396, "compression_ratio": 1.4906832298136645, "no_speech_prob": 0.028002137318253517}, {"id": 3, "seek": 0, "start": 10.68, "end": 15.8, "text": " So, give me an example of tests before you switch to it, then switch to it actually.", "tokens": [50898, 407, 11, 976, 385, 364, 1365, 295, 6921, 949, 291, 3679, 281, 309, 11, 550, 3679, 281, 309, 767, 13, 51154], "temperature": 0.0, "avg_logprob": -0.27694632790305396, "compression_ratio": 1.4906832298136645, "no_speech_prob": 0.028002137318253517}], "language": "en"}